{
 "ours_30000": {
  "SSIM": 0.6547101140022278,
  "PSNR": 22.288564682006836,
  "LPIPS": 0.20478911697864532
 }
}