{
 "ours_30000": {
  "SSIM": 0.7206529378890991,
  "PSNR": 23.53685188293457,
  "LPIPS": 0.23459060490131378
 }
}