{
 "ours_30000": {
  "SSIM": 0.6280009746551514,
  "PSNR": 19.88489532470703,
  "LPIPS": 0.26360803842544556
 }
}