{
 "ours_30000": {
  "SSIM": 0.41054773330688477,
  "PSNR": 16.451213836669922,
  "LPIPS": 0.3549140130264282
 }
}